{
    "name": "Trade Balance by Country",
    "values": [
        {
            "label": "USA",
            "import2001": 1140900158,
            "import2002": 1200095829,
            "import2003": 1302833509,
            "import2004": 1525304218,
            "import2005": 1734849142,
            "import2006": 1918998096,
            "import2007": 2017120786,
            "import2008": 2164834036,
            "import2009": 1601895813,
            "import2010": 1968259896,
            "import2011": 2263619064,
            "import2012": 2334677718,
            "import2013": 2326590209,
            "import2014": 2410855481,
            "import2015": 2315252991,
            "import2016": 2249113112,
            "import2017": 2406362558,
            "import2018": 2612379159,
            "import2019": 2568396449,
            "export2001": 729080423,
            "export2002": 693068308,
            "export2003": 724736587,
            "export2004": 814844394,
            "export2005": 901041417,
            "export2006": 1037029247,
            "export2007": 1162538143,
            "export2008": 1299898877,
            "export2009": 1056712081,
            "export2010": 1278099190,
            "export2011": 1481682203,
            "export2012": 1544932013,
            "export2013": 1577587254,
            "export2014": 1619742864,
            "export2015": 1503101487,
            "export2016": 1451459685,
            "export2017": 1546462344,
            "export2018": 1665992032,
            "export2019": 1645174330
        },
        {
            "label": "United Kingdom",
            "import2001": 358702943,
            "import2002": 372059502,
            "import2003": 425369492,
            "import2004": 502886199,
            "import2005": 528460952,
            "import2006": 614811648,
            "import2007": 679917918,
            "import2008": 705344164,
            "import2009": 552042035,
            "import2010": 627617527,
            "import2011": 717606229,
            "import2012": 689137009,
            "import2013": 657222527,
            "import2014": 694344323,
            "import2015": 630251056,
            "import2016": 636367940,
            "import2017": 640907684,
            "import2018": 671694256,
            "import2019": 691974112,
            "export2001": 279425458,
            "export2002": 285996255,
            "export2003": 312059895,
            "export2004": 355027950,
            "export2005": 392744017,
            "export2006": 458598558,
            "export2007": 454005490,
            "export2008": 482020962,
            "export2009": 359615542,
            "export2010": 422014113,
            "export2011": 517288686,
            "export2012": 481225752,
            "export2013": 548041857,
            "export2014": 511145442,
            "export2015": 466295677,
            "export2016": 411463357,
            "export2017": 441847325,
            "export2018": 490840357,
            "export2019": 467512254
        },
        {
            "label": "China",
            "import2001": 243552877,
            "import2002": 295170099,
            "import2003": 412759797,
            "import2004": 561228746,
            "import2005": 659952756,
            "import2006": 791460867,
            "import2007": 956115450,
            "import2008": 1132562165,
            "import2009": 1005555219,
            "import2010": 1396001562,
            "import2011": 1743394867,
            "import2012": 1818199226,
            "import2013": 1949992314,
            "import2014": 1959234621,
            "import2015": 1681670813,
            "import2016": 1588695869,
            "import2017": 1840957052,
            "import2018": 2134987265,
            "import2019": 2068950252,
            "export2001": 266098208,
            "export2002": 325595972,
            "export2003": 438227765,
            "export2004": 93325585,
            "export2005": 761953405,
            "export2006": 968935597,
            "export2007": 1220059669,
            "export2008": 1430693065,
            "export2009": 1201646762,
            "export2010": 1577763752,
            "export2011": 1898388434,
            "export2012": 2048782230,
            "export2013": 2209007282,
            "export2014": 2342292695,
            "export2015": 2281855923,
            "export2016": 2118980580,
            "export2017": 2271796140,
            "export2018": 2494230189,
            "export2019": 2498569866
        },
        {
            "label": "Germany",
            "import2001": 486022068,
            "import2002": 490450056,
            "import2003": 601761022,
            "import2004": 718150018,
            "import2005": 779819058,
            "import2006": 922213393,
            "import2007": 1059307813,
            "import2008": 1192581753,
            "import2009": 928891167,
            "import2010": 1060672351,
            "import2011": 1261588482,
            "import2012": 1161247822,
            "import2013": 1187301534,
            "import2014": 1214915239,
            "import2015": 1053388444,
            "import2016": 1056664804,
            "import2017": 1164586085,
            "import2018": 1286008402,
            "import2019": 1236298731,
            "export2001": 571426720,
            "export2002": 615997391,
            "export2003": 748531267,
            "export2004": 911742096,
            "export2005": 977131972,
            "export2006": 1121962887,
            "export2007": 1328841354,
            "export2008": 1457462959,
            "export2009": 1125844050,
            "export2010": 1267743104,
            "export2011": 1483802554,
            "export2012": 1410146324,
            "export2013": 1450937518,
            "export2014": 1498238430,
            "export2015": 1323665116,
            "export2016": 1332489067,
            "export2017": 1444776367,
            "export2018": 1556622939,
            "export2019": 1486462772
        },
        {
            "label": "Australia",
            "import2001": 64319978,
            "import2002": 73025894,
            "import2003": 89065103,
            "import2004": 109482713,
            "import2005": 125221246,
            "import2006": 139354164,
            "import2007": 165471522,
            "import2008": 200617279,
            "import2009": 165601136,
            "import2010": 201703332,
            "import2011": 234205830,
            "import2012": 251217223,
            "import2013": 234065771,
            "import2014": 228857927,
            "import2015": 201212240,
            "import2016": 189223657,
            "import2017": 221108909,
            "import2018": 227703776,
            "import2019": 214273707,
            "export2001": 63288194,
            "export2002": 64984164,
            "export2003": 70288232,
            "export2004": 86484039,
            "export2005": 106011057,
            "export2006": 123324469,
            "export2007": 141181511,
            "export2008": 186853010,
            "export2009": 153899577,
            "export2010": 212108725,
            "export2011": 269423388,
            "export2012": 262678461,
            "export2013": 256678558,
            "export2014": 252680286,
            "export2015": 191320121,
            "export2016": 189389230,
            "export2017": 229722179,
            "export2018": 254525415,
            "export2019": 272579613
        },
        {
            "label": "Brazil",
            "import2001": 55601753,
            "import2002": 47242651,
            "import2003": 48325648,
            "import2004": 62835611,
            "import2005": 73600373,
            "import2006": 91342784,
            "import2007": 120617437,
            "import2008": 172984766,
            "import2009": 127722339,
            "import2010": 181768431,
            "import2011": 226246754,
            "import2012": 223183477,
            "import2013": 239747514,
            "import2014": 229154458,
            "import2015": 171449052,
            "import2016": 137552006,
            "import2017": 150749450,
            "import2018": 181230566,
            "import2019": 177341225,
            "export2001": 58286590,
            "export2002": 60438650,
            "export2003": 73203224,
            "export2004": 96677242,
            "export2005": 118528685,
            "export2006": 137806189,
            "export2007": 160648874,
            "export2008": 197942440,
            "export2009": 152994743,
            "export2010": 201915105,
            "export2011": 256038703,
            "export2012": 242578017,
            "export2013": 242032979,
            "export2014": 225098407,
            "export2015": 191134323,
            "export2016": 185235400,
            "export2017": 217739183,
            "export2018": 239889204,
            "export2019": 223998670
        },
        {
            "label": "India",
            "import2001": 50671105,
            "import2002": 57453468,
            "import2003": 72430523,
            "import2004": 98981130,
            "import2005": 140861662,
            "import2006": 178212446,
            "import2007": 218645294,
            "import2008": 315712104,
            "import2009": 266401554,
            "import2010": 350029390,
            "import2011": 462402794,
            "import2012": 488976377,
            "import2013": 466045564,
            "import2014": 459369467,
            "import2015": 390799460,
            "import2016": 356686418,
            "import2017": 443852794,
            "import2018": 509273226,
            "import2019": 480002969,
            "export2001": 43878491,
            "export2002": 50097953,
            "export2003": 59360658,
            "export2004": 75904206,
            "export2005": 100352636,
            "export2006": 121200608,
            "export2007": 145898050,
            "export2008": 181860897,
            "export2009": 176765034,
            "export2010": 220408494,
            "export2011": 301483251,
            "export2012": 289564768,
            "export2013": 336611392,
            "export2014": 317544641,
            "export2015": 263889007,
            "export2016": 260963960,
            "export2017": 295862151,
            "export2018": 323997681,
            "export2019": 322786379
        },
        {
            "label": "Russian Federation",
            "import2001": 41865358,
            "import2002": 46176989,
            "import2003": 57345991,
            "import2004": 75569019,
            "import2005": 98707260,
            "import2006": 137811062,
            "import2007": 199725954,
            "import2008": 267051242,
            "import2009": 170826591,
            "import2010": 228911659,
            "import2011": 306091490,
            "import2012": 316192918,
            "import2013": 314945100,
            "import2014": 286648774,
            "import2015": 177292667,
            "import2016": 182261653,
            "import2017": 226966390,
            "import2018": 238151373,
            "import2019": 243780553,
            "export2001": 99868398,
            "export2002": 106692002,
            "export2003": 133655687,
            "export2004": 181600380,
            "export2005": 241451655,
            "export2006": 301550663,
            "export2007": 352266397,
            "export2008": 467993948,
            "export2009": 301796062,
            "export2010": 397067519,
            "export2011": 516992616,
            "export2012": 524766421,
            "export2013": 527265916,
            "export2014": 497833536,
            "export2015": 333501799,
            "export2016": 285491049,
            "export2017": 357083140,
            "export2018": 449347156,
            "export2019": 422777169
        },
        {
            "label": "Japan",
            "import2001": 349291915,
            "import2002": 337613133,
            "import2003": 383465329,
            "import2004": 455253888,
            "import2005": 515866391,
            "import2006": 579063942,
            "import2007": 622243338,
            "import2008": 762533922,
            "import2009": 551984753,
            "import2010": 694059164,
            "import2011": 855380476,
            "import2012": 886031098,
            "import2013": 833166057,
            "import2014": 812184752,
            "import2015": 648436328,
            "import2016": 608071916,
            "import2017": 672100072,
            "import2018": 749092207,
            "import2019": 720964449,
            "export2001": 403344076,
            "export2002": 416729387,
            "export2003": 472006871,
            "export2004": 565761138,
            "export2005": 594940865,
            "export2006": 646725061,
            "export2007": 714327036,
            "export2008": 781412163,
            "export2009": 580718738,
            "export2010": 769773826,
            "export2011": 823183762,
            "export2012": 798620021,
            "export2013": 715097242,
            "export2014": 690217465,
            "export2015": 625005916,
            "export2016": 645589406,
            "export2017": 698021626,
            "export2018": 738164250,
            "export2019": 705842012
        },
        {
            "label": "Canada",
            "import2001": 221623725,
            "import2002": 222440058,
            "import2003": 240376245,
            "import2004": 273873699,
            "import2005": 314444419,
            "import2006": 350257147,
            "import2007": 380646626,
            "import2008": 408762165,
            "import2009": 321227568,
            "import2010": 392108702,
            "import2011": 450579506,
            "import2012": 462366182,
            "import2013": 461785080,
            "import2014": 463088978,
            "import2015": 420159796,
            "import2016": 402638902,
            "import2017": 432857722,
            "import2018": 460109333,
            "import2019": 453157219,
            "export2001": 261058776,
            "export2002": 252584265,
            "export2003": 272229693,
            "export2004": 317161191,
            "export2005": 360552445,
            "export2006": 388178677,
            "export2007": 419881607,
            "export2008": 455632186,
            "export2009": 315176827,
            "export2010": 386579902,
            "export2011": 450430009,
            "export2012": 454098964,
            "export2013": 456598267,
            "export2014": 475177174,
            "export2015": 410688691,
            "export2016": 390195637,
            "export2017": 421161325,
            "export2018": 450790347,
            "export2019": 446562308
        }
    ]
}