{
    "name": "Trade Balance",
    "values": [
        {
            "label": "2001",
            "importUSA": 1140900158,
            "importUnited Kingdom": 358702943,
            "importChina": 243552877,
            "importGermany": 486022068,
            "importAustralia": 64319978,
            "importBrazil": 55601753,
            "importIndia": 50671105,
            "importRussian Federation": 41865358,
            "importJapan": 349291915,
            "importCanada": 221623725,
            "exportUSA": 729080423,
            "exportUnited Kingdom": 279425458,
            "exportChina": 266098208,
            "exportGermany": 571426720,
            "exportAustralia": 63288194,
            "exportBrazil": 58286590,
            "exportIndia": 43878491,
            "exportRussian Federation": 99868398,
            "exportJapan": 403344076,
            "exportCanada": 261058776
        },
        {
            "label": "2002",
            "importUSA": 1200095829,
            "importUnited Kingdom": 372059502,
            "importChina": 295170099,
            "importGermany": 490450056,
            "importAustralia": 73025894,
            "importBrazil": 47242651,
            "importIndia": 57453468,
            "importRussian Federation": 46176989,
            "importJapan": 337613133,
            "importCanada": 222440058,
            "exportUSA": 693068308,
            "exportUnited Kingdom": 285996255,
            "exportChina": 325595972,
            "exportGermany": 615997391,
            "exportAustralia": 64984164,
            "exportBrazil": 60438650,
            "exportIndia": 50097953,
            "exportRussian Federation": 106692002,
            "exportJapan": 416729387,
            "exportCanada": 252584265
        },
        {
            "label": "2003",
            "importUSA": 1302833509,
            "importUnited Kingdom": 425369492,
            "importChina": 412759797,
            "importGermany": 601761022,
            "importAustralia": 89065103,
            "importBrazil": 48325648,
            "importIndia": 72430523,
            "importRussian Federation": 57345991,
            "importJapan": 383465329,
            "importCanada": 240376245,
            "exportUSA": 724736587,
            "exportUnited Kingdom": 312059895,
            "exportChina": 438227765,
            "exportGermany": 748531267,
            "exportAustralia": 70288232,
            "exportBrazil": 73203224,
            "exportIndia": 59360658,
            "exportRussian Federation": 133655687,
            "exportJapan": 472006871,
            "exportCanada": 272229693
        },
        {
            "label": "2004",
            "importUSA": 1525304218,
            "importUnited Kingdom": 502886199,
            "importChina": 561228746,
            "importGermany": 718150018,
            "importAustralia": 109482713,
            "importBrazil": 62835611,
            "importIndia": 98981130,
            "importRussian Federation": 75569019,
            "importJapan": 455253888,
            "importCanada": 273873699,
            "exportUSA": 814844394,
            "exportUnited Kingdom": 355027950,
            "exportChina": 93325585,
            "exportGermany": 911742096,
            "exportAustralia": 86484039,
            "exportBrazil": 96677242,
            "exportIndia": 75904206,
            "exportRussian Federation": 181600380,
            "exportJapan": 565761138,
            "exportCanada": 317161191
        },
        {
            "label": "2005",
            "importUSA": 1734849142,
            "importUnited Kingdom": 528460952,
            "importChina": 659952756,
            "importGermany": 779819058,
            "importAustralia": 125221246,
            "importBrazil": 73600373,
            "importIndia": 140861662,
            "importRussian Federation": 98707260,
            "importJapan": 515866391,
            "importCanada": 314444419,
            "exportUSA": 901041417,
            "exportUnited Kingdom": 392744017,
            "exportChina": 761953405,
            "exportGermany": 977131972,
            "exportAustralia": 106011057,
            "exportBrazil": 118528685,
            "exportIndia": 100352636,
            "exportRussian Federation": 241451655,
            "exportJapan": 594940865,
            "exportCanada": 360552445
        },
        {
            "label": "2006",
            "importUSA": 1918998096,
            "importUnited Kingdom": 614811648,
            "importChina": 791460867,
            "importGermany": 922213393,
            "importAustralia": 139354164,
            "importBrazil": 91342784,
            "importIndia": 178212446,
            "importRussian Federation": 137811062,
            "importJapan": 579063942,
            "importCanada": 350257147,
            "exportUSA": 1037029247,
            "exportUnited Kingdom": 458598558,
            "exportChina": 968935597,
            "exportGermany": 1121962887,
            "exportAustralia": 123324469,
            "exportBrazil": 137806189,
            "exportIndia": 121200608,
            "exportRussian Federation": 301550663,
            "exportJapan": 646725061,
            "exportCanada": 388178677
        },
        {
            "label": "2007",
            "importUSA": 2017120786,
            "importUnited Kingdom": 679917918,
            "importChina": 956115450,
            "importGermany": 1059307813,
            "importAustralia": 165471522,
            "importBrazil": 120617437,
            "importIndia": 218645294,
            "importRussian Federation": 199725954,
            "importJapan": 622243338,
            "importCanada": 380646626,
            "exportUSA": 1162538143,
            "exportUnited Kingdom": 454005490,
            "exportChina": 1220059669,
            "exportGermany": 1328841354,
            "exportAustralia": 141181511,
            "exportBrazil": 160648874,
            "exportIndia": 145898050,
            "exportRussian Federation": 352266397,
            "exportJapan": 714327036,
            "exportCanada": 419881607
        },
        {
            "label": "2008",
            "importUSA": 2164834036,
            "importUnited Kingdom": 705344164,
            "importChina": 1132562165,
            "importGermany": 1192581753,
            "importAustralia": 200617279,
            "importBrazil": 172984766,
            "importIndia": 315712104,
            "importRussian Federation": 267051242,
            "importJapan": 762533922,
            "importCanada": 408762165,
            "exportUSA": 1299898877,
            "exportUnited Kingdom": 482020962,
            "exportChina": 1430693065,
            "exportGermany": 1457462959,
            "exportAustralia": 186853010,
            "exportBrazil": 197942440,
            "exportIndia": 181860897,
            "exportRussian Federation": 467993948,
            "exportJapan": 781412163,
            "exportCanada": 455632186
        },
        {
            "label": "2009",
            "importUSA": 1601895813,
            "importUnited Kingdom": 552042035,
            "importChina": 1005555219,
            "importGermany": 928891167,
            "importAustralia": 165601136,
            "importBrazil": 127722339,
            "importIndia": 266401554,
            "importRussian Federation": 170826591,
            "importJapan": 551984753,
            "importCanada": 321227568,
            "exportUSA": 1056712081,
            "exportUnited Kingdom": 359615542,
            "exportChina": 1201646762,
            "exportGermany": 1125844050,
            "exportAustralia": 153899577,
            "exportBrazil": 152994743,
            "exportIndia": 176765034,
            "exportRussian Federation": 301796062,
            "exportJapan": 580718738,
            "exportCanada": 315176827
        },
        {
            "label": "2010",
            "importUSA": 1968259896,
            "importUnited Kingdom": 627617527,
            "importChina": 1396001562,
            "importGermany": 1060672351,
            "importAustralia": 201703332,
            "importBrazil": 181768431,
            "importIndia": 350029390,
            "importRussian Federation": 228911659,
            "importJapan": 694059164,
            "importCanada": 392108702,
            "exportUSA": 1278099190,
            "exportUnited Kingdom": 422014113,
            "exportChina": 1577763752,
            "exportGermany": 1267743104,
            "exportAustralia": 212108725,
            "exportBrazil": 201915105,
            "exportIndia": 220408494,
            "exportRussian Federation": 397067519,
            "exportJapan": 769773826,
            "exportCanada": 386579902
        },
        {
            "label": "2011",
            "importUSA": 2263619064,
            "importUnited Kingdom": 717606229,
            "importChina": 1743394867,
            "importGermany": 1261588482,
            "importAustralia": 234205830,
            "importBrazil": 226246754,
            "importIndia": 462402794,
            "importRussian Federation": 306091490,
            "importJapan": 855380476,
            "importCanada": 450579506,
            "exportUSA": 1481682203,
            "exportUnited Kingdom": 517288686,
            "exportChina": 1898388434,
            "exportGermany": 1483802554,
            "exportAustralia": 269423388,
            "exportBrazil": 256038703,
            "exportIndia": 301483251,
            "exportRussian Federation": 516992616,
            "exportJapan": 823183762,
            "exportCanada": 450430009
        },
        {
            "label": "2012",
            "importUSA": 2334677718,
            "importUnited Kingdom": 689137009,
            "importChina": 1818199226,
            "importGermany": 1161247822,
            "importAustralia": 251217223,
            "importBrazil": 223183477,
            "importIndia": 488976377,
            "importRussian Federation": 316192918,
            "importJapan": 886031098,
            "importCanada": 462366182,
            "exportUSA": 1544932013,
            "exportUnited Kingdom": 481225752,
            "exportChina": 2048782230,
            "exportGermany": 1410146324,
            "exportAustralia": 262678461,
            "exportBrazil": 242578017,
            "exportIndia": 289564768,
            "exportRussian Federation": 524766421,
            "exportJapan": 798620021,
            "exportCanada": 454098964
        },
        {
            "label": "2013",
            "importUSA": 2326590209,
            "importUnited Kingdom": 657222527,
            "importChina": 1949992314,
            "importGermany": 1187301534,
            "importAustralia": 234065771,
            "importBrazil": 239747514,
            "importIndia": 466045564,
            "importRussian Federation": 314945100,
            "importJapan": 833166057,
            "importCanada": 461785080,
            "exportUSA": 1577587254,
            "exportUnited Kingdom": 548041857,
            "exportChina": 2209007282,
            "exportGermany": 1450937518,
            "exportAustralia": 256678558,
            "exportBrazil": 242032979,
            "exportIndia": 336611392,
            "exportRussian Federation": 527265916,
            "exportJapan": 715097242,
            "exportCanada": 456598267
        },
        {
            "label": "2014",
            "importUSA": 2410855481,
            "importUnited Kingdom": 694344323,
            "importChina": 1959234621,
            "importGermany": 1214915239,
            "importAustralia": 228857927,
            "importBrazil": 229154458,
            "importIndia": 459369467,
            "importRussian Federation": 286648774,
            "importJapan": 812184752,
            "importCanada": 463088978,
            "exportUSA": 1619742864,
            "exportUnited Kingdom": 511145442,
            "exportChina": 2342292695,
            "exportGermany": 1498238430,
            "exportAustralia": 252680286,
            "exportBrazil": 225098407,
            "exportIndia": 317544641,
            "exportRussian Federation": 497833536,
            "exportJapan": 690217465,
            "exportCanada": 475177174
        },
        {
            "label": "2015",
            "importUSA": 2315252991,
            "importUnited Kingdom": 630251056,
            "importChina": 1681670813,
            "importGermany": 1053388444,
            "importAustralia": 201212240,
            "importBrazil": 171449052,
            "importIndia": 390799460,
            "importRussian Federation": 177292667,
            "importJapan": 648436328,
            "importCanada": 420159796,
            "exportUSA": 1503101487,
            "exportUnited Kingdom": 466295677,
            "exportChina": 2281855923,
            "exportGermany": 1323665116,
            "exportAustralia": 191320121,
            "exportBrazil": 191134323,
            "exportIndia": 263889007,
            "exportRussian Federation": 333501799,
            "exportJapan": 625005916,
            "exportCanada": 410688691
        },
        {
            "label": "2016",
            "importUSA": 2249113112,
            "importUnited Kingdom": 636367940,
            "importChina": 1588695869,
            "importGermany": 1056664804,
            "importAustralia": 189223657,
            "importBrazil": 137552006,
            "importIndia": 356686418,
            "importRussian Federation": 182261653,
            "importJapan": 608071916,
            "importCanada": 402638902,
            "exportUSA": 1451459685,
            "exportUnited Kingdom": 411463357,
            "exportChina": 2118980580,
            "exportGermany": 1332489067,
            "exportAustralia": 189389230,
            "exportBrazil": 185235400,
            "exportIndia": 260963960,
            "exportRussian Federation": 285491049,
            "exportJapan": 645589406,
            "exportCanada": 390195637
        },
        {
            "label": "2017",
            "importUSA": 2406362558,
            "importUnited Kingdom": 640907684,
            "importChina": 1840957052,
            "importGermany": 1164586085,
            "importAustralia": 221108909,
            "importBrazil": 150749450,
            "importIndia": 443852794,
            "importRussian Federation": 226966390,
            "importJapan": 672100072,
            "importCanada": 432857722,
            "exportUSA": 1546462344,
            "exportUnited Kingdom": 441847325,
            "exportChina": 2271796140,
            "exportGermany": 1444776367,
            "exportAustralia": 229722179,
            "exportBrazil": 217739183,
            "exportIndia": 295862151,
            "exportRussian Federation": 357083140,
            "exportJapan": 698021626,
            "exportCanada": 421161325
        },
        {
            "label": "2018",
            "importUSA": 2612379159,
            "importUnited Kingdom": 671694256,
            "importChina": 2134987265,
            "importGermany": 1286008402,
            "importAustralia": 227703776,
            "importBrazil": 181230566,
            "importIndia": 509273226,
            "importRussian Federation": 238151373,
            "importJapan": 749092207,
            "importCanada": 460109333,
            "exportUSA": 1665992032,
            "exportUnited Kingdom": 490840357,
            "exportChina": 2494230189,
            "exportGermany": 1556622939,
            "exportAustralia": 254525415,
            "exportBrazil": 239889204,
            "exportIndia": 323997681,
            "exportRussian Federation": 449347156,
            "exportJapan": 738164250,
            "exportCanada": 450790347
        },
        {
            "label": "2019",
            "importUSA": 2568396449,
            "importUnited Kingdom": 691974112,
            "importChina": 2068950252,
            "importGermany": 1236298731,
            "importAustralia": 214273707,
            "importBrazil": 177341225,
            "importIndia": 480002969,
            "importRussian Federation": 243780553,
            "importJapan": 720964449,
            "importCanada": 453157219,
            "exportUSA": 1645174330,
            "exportUnited Kingdom": 467512254,
            "exportChina": 2498569866,
            "exportGermany": 1486462772,
            "exportAustralia": 272579613,
            "exportBrazil": 223998670,
            "exportIndia": 322786379,
            "exportRussian Federation": 422777169,
            "exportJapan": 705842012,
            "exportCanada": 446562308
        }
    ]
}